{"Mean":{"confidence_interval":{"confidence_level":0.95,"lower_bound":496929.69884232985,"upper_bound":501772.41094923334},"point_estimate":499320.64958334377,"standard_error":1238.5856338065273},"Median":{"confidence_interval":{"confidence_level":0.95,"lower_bound":493466.61392405065,"upper_bound":501313.77844269224},"point_estimate":497382.651683087,"standard_error":1744.3796500738526},"MedianAbsDev":{"confidence_interval":{"confidence_level":0.95,"lower_bound":9152.41936477999,"upper_bound":16590.4825067523},"point_estimate":13325.35397554891,"standard_error":1843.9582300292147},"Slope":{"confidence_interval":{"confidence_level":0.95,"lower_bound":497135.9970837786,"upper_bound":501607.09930205904},"point_estimate":499277.3457455298,"standard_error":1144.8572815518585},"StdDev":{"confidence_interval":{"confidence_level":0.95,"lower_bound":10676.027278462252,"upper_bound":14184.140397327159},"point_estimate":12422.111484897536,"standard_error":899.4783341430958}}