{"Mean":{"confidence_interval":{"confidence_level":0.95,"lower_bound":501536.6690765822,"upper_bound":508186.06953958544},"point_estimate":504683.39291721716,"standard_error":1698.486549431649},"Median":{"confidence_interval":{"confidence_level":0.95,"lower_bound":497252.5227272727,"upper_bound":507916.125},"point_estimate":501505.14856711915,"standard_error":2895.158109359851},"MedianAbsDev":{"confidence_interval":{"confidence_level":0.95,"lower_bound":11767.951985090993,"upper_bound":19264.104240739336},"point_estimate":15068.386823093511,"standard_error":1971.2807244512178},"Slope":{"confidence_interval":{"confidence_level":0.95,"lower_bound":501895.8173639626,"upper_bound":509837.3200646042},"point_estimate":505542.6863750554,"standard_error":2026.1799807344387},"StdDev":{"confidence_interval":{"confidence_level":0.95,"lower_bound":12188.023181889814,"upper_bound":22690.392982309026},"point_estimate":17052.325525221946,"standard_error":2890.520996077357}}