{"Mean":{"confidence_interval":{"confidence_level":0.95,"lower_bound":683772.7276069019,"upper_bound":689715.9025676195},"point_estimate":686728.8044886724,"standard_error":1514.7418157497877},"Median":{"confidence_interval":{"confidence_level":0.95,"lower_bound":683178.20625,"upper_bound":689476.8519936204},"point_estimate":685687.1136363636,"standard_error":1756.5436599908844},"MedianAbsDev":{"confidence_interval":{"confidence_level":0.95,"lower_bound":11710.10338610414,"upper_bound":18966.613073616663},"point_estimate":15980.378298336625,"standard_error":1891.4608442761948},"Slope":{"confidence_interval":{"confidence_level":0.95,"lower_bound":684844.9370270167,"upper_bound":690712.8236840715},"point_estimate":687754.6076237623,"standard_error":1500.094852089546},"StdDev":{"confidence_interval":{"confidence_level":0.95,"lower_bound":13138.533519353456,"upper_bound":17411.52941437535},"point_estimate":15354.970870773532,"standard_error":1093.4654863362491}}