{"Mean":{"confidence_interval":{"confidence_level":0.95,"lower_bound":686080.8264959587,"upper_bound":695374.4745905375},"point_estimate":690658.246096183,"standard_error":2368.2837594873017},"Median":{"confidence_interval":{"confidence_level":0.95,"lower_bound":679088.0579545455,"upper_bound":696463.3766233766},"point_estimate":686469.0445788531,"standard_error":4816.21941831945},"MedianAbsDev":{"confidence_interval":{"confidence_level":0.95,"lower_bound":18446.648525515426,"upper_bound":29911.515908230765},"point_estimate":24225.0358828042,"standard_error":2758.368924578582},"Slope":{"confidence_interval":{"confidence_level":0.95,"lower_bound":686117.6119301885,"upper_bound":695439.6239302082},"point_estimate":690792.0594207182,"standard_error":2379.359758799004},"StdDev":{"confidence_interval":{"confidence_level":0.95,"lower_bound":20567.7737024378,"upper_bound":26716.01396131579},"point_estimate":23839.50698200263,"standard_error":1567.9753259451545}}