{"Mean":{"confidence_interval":{"confidence_level":0.95,"lower_bound":1781451.7734621658,"upper_bound":1810793.6914987217},"point_estimate":1795908.1609309446,"standard_error":7512.050254913946},"Median":{"confidence_interval":{"confidence_level":0.95,"lower_bound":1769598.1217452497,"upper_bound":1810976.25},"point_estimate":1797051.405882353,"standard_error":10289.274086375613},"MedianAbsDev":{"confidence_interval":{"confidence_level":0.95,"lower_bound":56272.14515165913,"upper_bound":96817.7378353585},"point_estimate":71399.04201415804,"standard_error":10210.984131959796},"Slope":{"confidence_interval":{"confidence_level":0.95,"lower_bound":1774466.9616662238,"upper_bound":1801191.7280255547},"point_estimate":1787412.4493217082,"standard_error":6805.359772147991},"StdDev":{"confidence_interval":{"confidence_level":0.95,"lower_bound":65535.81991472395,"upper_bound":83910.42290568218},"point_estimate":75370.4624549686,"standard_error":4690.758907354213}}