{"Mean":{"confidence_interval":{"confidence_level":0.95,"lower_bound":1732401.5567625968,"upper_bound":1758157.6550156747},"point_estimate":1744978.3365690548,"standard_error":6560.786652352961},"Median":{"confidence_interval":{"confidence_level":0.95,"lower_bound":1719234.3188405796,"upper_bound":1747081.9518657234},"point_estimate":1734835.956862745,"standard_error":7452.876840737014},"MedianAbsDev":{"confidence_interval":{"confidence_level":0.95,"lower_bound":45305.44325380111,"upper_bound":75338.58225168863},"point_estimate":61225.416669350445,"standard_error":7946.06807737998},"Slope":{"confidence_interval":{"confidence_level":0.95,"lower_bound":1718933.0657442908,"upper_bound":1738420.1637126468},"point_estimate":1728639.9398049358,"standard_error":4963.589646754671},"StdDev":{"confidence_interval":{"confidence_level":0.95,"lower_bound":55014.643697995816,"upper_bound":74739.65353248657},"point_estimate":65692.1924136518,"standard_error":5023.461448236878}}