{"Mean":{"confidence_interval":{"confidence_level":0.95,"lower_bound":1738774.4897912173,"upper_bound":1763817.7907683782},"point_estimate":1751003.017325589,"standard_error":6396.805483674139},"Median":{"confidence_interval":{"confidence_level":0.95,"lower_bound":1719535.6875,"upper_bound":1760156.3642857145},"point_estimate":1742137.6632401315,"standard_error":10637.092031237167},"MedianAbsDev":{"confidence_interval":{"confidence_level":0.95,"lower_bound":49453.03022875064,"upper_bound":77079.96108037047},"point_estimate":64474.06907880007,"standard_error":6743.276285969395},"Slope":{"confidence_interval":{"confidence_level":0.95,"lower_bound":1737625.1244054048,"upper_bound":1764182.51672845},"point_estimate":1750712.7559302498,"standard_error":6777.683873696986},"StdDev":{"confidence_interval":{"confidence_level":0.95,"lower_bound":52832.73224128143,"upper_bound":76167.6103304162},"point_estimate":64270.30073372161,"standard_error":6045.557084603668}}