{"Mean":{"confidence_interval":{"confidence_level":0.95,"lower_bound":681618.052437571,"upper_bound":689609.201730565},"point_estimate":685551.0853417331,"standard_error":2036.4227541141659},"Median":{"confidence_interval":{"confidence_level":0.95,"lower_bound":675434.0,"upper_bound":686678.9130642465},"point_estimate":680753.3856060605,"standard_error":2675.2081630851967},"MedianAbsDev":{"confidence_interval":{"confidence_level":0.95,"lower_bound":14700.583072174202,"upper_bound":27233.67443431953},"point_estimate":21438.577647280163,"standard_error":3339.8537264277866},"Slope":{"confidence_interval":{"confidence_level":0.95,"lower_bound":678446.568045964,"upper_bound":686564.5536926212},"point_estimate":682254.5085104182,"standard_error":2067.0686612576624},"StdDev":{"confidence_interval":{"confidence_level":0.95,"lower_bound":18036.55342957819,"upper_bound":22570.511644422102},"point_estimate":20498.46756843917,"standard_error":1155.5087232927183}}