{"Mean":{"confidence_interval":{"confidence_level":0.95,"lower_bound":498674.4655190441,"upper_bound":503333.7410193639},"point_estimate":500985.41282076505,"standard_error":1185.049811082197},"Median":{"confidence_interval":{"confidence_level":0.95,"lower_bound":495251.75,"upper_bound":501944.94097938144},"point_estimate":498992.7347184066,"standard_error":1659.0359470614944},"MedianAbsDev":{"confidence_interval":{"confidence_level":0.95,"lower_bound":8145.284683951278,"upper_bound":14959.692815018432},"point_estimate":11722.605968286465,"standard_error":1778.0994059222528},"Slope":{"confidence_interval":{"confidence_level":0.95,"lower_bound":496435.3631540338,"upper_bound":500435.1684106347},"point_estimate":498368.7073991429,"standard_error":1017.5365278902361},"StdDev":{"confidence_interval":{"confidence_level":0.95,"lower_bound":10405.343538130932,"upper_bound":13177.759335602403},"point_estimate":11880.807005400284,"standard_error":707.8500088433552}}